participant,group,include_primary
RN102,TD,1
RN103,TD,1
RN105,TD,1
RN107,TD,1
RN110,TD,1
RN111,TD,1
RN032d,TD,1
RN028d,TD,1
D019d,TD,1
RN112,TD,1
RN113,TD,1
RN114,TD,1
RN115,TD,1
RN120,TD,1
D043d,TD,1
RN125,dyslexia_atypical_CAP,1
RN126,TD,1
RN127,TD,1
RN128,dyslexia_normal_CAP,1
RN129,TD,1
RN131,TD,1
RN132,dyslexia_normal_CAP,1
RN133,TD,1
RN135,TD,1
RN136,TD,1
RN106,TD,1
RN109,TD,1
D001d,dyslexia_normal_CAP,1
D011d,dyslexia_normal_CAP,1
D012d,dyslexia_normal_CAP,1
D016d,dyslexia_normal_CAP,1
D020d,dyslexia_normal_CAP,1
D024d,dyslexia_normal_CAP,1
D025d,dyslexia_normal_CAP,1
D030d,dyslexia_normal_CAP,1
D033d,dyslexia_normal_CAP,1
RN118,dyslexia_normal_CAP,1
D036d,dyslexia_normal_CAP,1
D039d,dyslexia_normal_CAP,1
D047d,dyslexia_normal_CAP,1
RN121,dyslexia_normal_CAP,1
RN122,dyslexia_normal_CAP,1
D010d,dyslexia_normal_CAP,1
D034d,dyslexia_normal_CAP,1
D002d,dyslexia_atypical_CAP,1
D003d,dyslexia_atypical_CAP,1
D005d,dyslexia_atypical_CAP,1
D006d,dyslexia_atypical_CAP,1
D007d,dyslexia_atypical_CAP,1
D009d,dyslexia_atypical_CAP,1
D013d,dyslexia_atypical_CAP,1
D014d,dyslexia_atypical_CAP,1
D018d,dyslexia_atypical_CAP,1
D023d,dyslexia_atypical_CAP,1
D029d,dyslexia_atypical_CAP,1
D035d,dyslexia_atypical_CAP,1
D038d,dyslexia_atypical_CAP,1
D042d,dyslexia_atypical_CAP,1
D048d,dyslexia_atypical_CAP,1
D049d,dyslexia_atypical_CAP,1
RN123,dyslexia_atypical_CAP,1
D021d,dyslexia_atypical_CAP,1
D041d,dyslexia_atypical_CAP,1
