lag_s,prop_inside_current_nucleus
-0.2,0.00886739218057235
-0.19,0.012494961708988311
-0.18,0.017936316001612253
-0.17,0.025594518339379282
-0.16,0.04735993550987505
-0.15,0.06791616283756549
-0.14,0.1007658202337767
-0.13,0.1392583635630794
-0.12,0.1735187424425635
-0.11,0.23256751309955664
-0.1,0.30128980249899234
-0.09,0.3585247883917775
-0.08,0.46211205159209995
-0.07,0.5552196694881096
-0.06,0.6080209592906086
-0.05,0.7370012091898428
-0.04,0.852881902458686
-0.03,0.916968964127368
-0.02,0.9933494558645707
-0.01,1.0
0.0,1.0
