section,syllable_id,word,char,underlying_tone,surface_tone,sandhi_type,prev_surface_tone,next_surface_tone
1,s1_0000_0,当,当,3,2,t3t3_to_t2,,3
1,s1_0003_0,只有,只,3,2,t3t3_to_t2,2,3
1,s1_0009_0,一,一,1,4,yi_to_4,4,3
1,s1_0025_0,一,一,1,4,yi_to_4,,2
1,s1_0033_0,一,一,1,4,yi_to_4,4,2
1,s1_0038_0,一,一,1,4,yi_to_4,2,1
1,s1_0102_0,我,我,3,2,t3t3_to_t2,4,3
1,s1_0112_1,第一,一,1,4,yi_to_4,4,2
1,s1_0117_1,第一,一,1,4,yi_to_4,4,2
1,s1_0124_0,我,我,3,2,t3t3_to_t2,,2
1,s1_0125_0,把,把,3,2,t3t3_to_t2,2,3
1,s1_0137_1,他们,们,3,2,t3t3_to_t2,1,3
1,s1_0142_0,不,不,4,2,bu_t4_to_t2,4,4
1,s1_0152_0,一,一,1,4,yi_to_4,4,3
1,s1_0162_0,不,不,4,2,bu_t4_to_t2,,4
1,s1_0166_0,一,一,1,4,yi_to_4,4,2
1,s1_0172_0,一,一,1,4,yi_to_4,,2
1,s1_0179_0,理解,理,3,2,t3t3_to_t2,4,3
1,s1_0185_1,肚子,子,3,2,t3t3_to_t2,4,3
1,s1_0213_0,我,我,3,2,t3t3_to_t2,4,3
1,s1_0231_0,一边,一,1,4,yi_to_4,4,1
1,s1_0240_0,语法,语,3,2,t3t3_to_t2,4,2
1,s1_0240_1,语法,法,3,2,t3t3_to_t2,2,3
1,s1_0257_0,一,一,1,4,yi_to_4,4,2
1,s1_0258_0,美好,美,3,2,t3t3_to_t2,4,3
1,s1_0263_1,第一,一,1,2,yi_to_2,4,4
1,s1_0287_0,得,得,3,2,t3t3_to_t2,2,3
1,s1_0290_0,不,不,4,2,bu_t4_to_t2,4,4
1,s1_0298_0,我,我,3,2,t3t3_to_t2,2,2
1,s1_0299_0,只好,只,3,2,t3t3_to_t2,2,2
1,s1_0299_1,只好,好,3,2,t3t3_to_t2,2,3
1,s1_0323_0,我,我,3,2,t3t3_to_t2,,3
1,s1_0329_0,一眼,一,1,4,yi_to_4,3,3
1,s1_0374_0,我,我,3,2,t3t3_to_t2,1,3
1,s1_0383_1,没有,有,3,2,t3t3_to_t2,2,2
1,s1_0384_0,使,使,3,2,t3t3_to_t2,2,3
1,s1_0395_0,当,当,3,2,t3t3_to_t2,4,3
1,s1_0398_0,一,一,1,2,yi_to_2,4,4
1,s1_0410_0,一直,一,1,4,yi_to_4,1,2
1,s1_0414_0,我,我,3,2,t3t3_to_t2,,3
1,s1_0416_1,第一,一,1,4,yi_to_4,4,2
1,s1_0423_0,我,我,3,2,t3t3_to_t2,1,3
1,s1_0430_0,理解,理,3,2,t3t3_to_t2,4,3
1,s1_0441_1,帽子,子,3,2,t3t3_to_t2,4,3
1,s1_0444_0,不,不,4,2,bu_t4_to_t2,4,4
1,s1_0458_0,我,我,3,2,t3t3_to_t2,4,3
1,s1_0486_0,一,一,1,2,yi_to_2,4,4
1,s1_0508_0,一直,一,1,4,yi_to_4,2,2
1,s1_0559_0,与,与,3,2,t3t3_to_t2,1,3
1,s1_0573_1,第一,一,1,4,yi_to_4,4,1
1,s1_0587_0,上,上,3,2,t3t3_to_t2,4,3
1,s1_0608_1,拂晓,晓,3,2,t3t3_to_t2,2,3
1,s1_0616_1,叫醒,醒,3,2,t3t3_to_t2,4,3
1,s1_0621_0,可以,可,3,2,t3t3_to_t2,1,2
1,s1_0621_1,可以,以,3,2,t3t3_to_t2,2,3
1,s1_0629_0,小小,小,3,2,t3t3_to_t2,4,3
1,s1_0633_0,请,请,3,2,t3t3_to_t2,4,2
1,s1_0634_0,你,你,3,2,t3t3_to_t2,2,2
1,s1_0635_0,给,给,3,2,t3t3_to_t2,2,3
1,s1_0638_0,一,一,1,4,yi_to_4,4,1
1,s1_0644_0,给,给,3,2,t3t3_to_t2,,3
1,s1_0647_0,一,一,1,4,yi_to_4,4,1
1,s1_0656_0,一般,一,1,4,yi_to_4,1,1
1,s1_0661_0,我,我,3,2,t3t3_to_t2,2,3
1,s1_0675_0,一个,一,1,2,yi_to_2,4,4
1,s1_0690_0,我,我,3,2,t3t3_to_t2,2,3
1,s1_0699_0,一,一,1,4,yi_to_4,,2
1,s1_0717_0,不是,不,4,2,bu_t4_to_t2,4,4
1,s1_0725_0,使,使,3,2,t3t3_to_t2,5,3
1,s1_0766_2,小家伙,伙,3,2,t3t3_to_t2,1,3
1,s1_0782_1,这个,个,3,2,t3t3_to_t2,4,3
1,s1_0783_2,小家伙,伙,3,2,t3t3_to_t2,1,2
1,s1_0784_0,给,给,3,2,t3t3_to_t2,2,3
1,s1_0791_0,不,不,4,2,bu_t4_to_t2,4,4
1,s1_0797_1,样子,子,3,2,t3t3_to_t2,4,3
1,s1_0808_0,不,不,4,2,bu_t4_to_t2,2,4
1,s1_0822_0,当,当,3,2,t3t3_to_t2,5,3
1,s1_0853_0,一,一,1,2,yi_to_2,4,4
1,s1_0858_0,一般,一,1,4,yi_to_4,4,1
1,s1_0864_0,请,请,3,2,t3t3_to_t2,4,2
1,s1_0865_0,给,给,3,2,t3t3_to_t2,2,3
1,s1_0868_0,一,一,1,4,yi_to_4,4,1
1,s1_0872_0,一,一,1,2,yi_to_2,3,4
1,s1_0877_0,把,把,3,2,t3t3_to_t2,1,3
1,s1_0910_0,我,我,3,2,t3t3_to_t2,4,3
1,s1_0919_0,一,一,1,4,yi_to_4,,1
1,s1_0923_0,一,一,1,4,yi_to_4,4,1
1,s1_0931_0,起,起,3,2,t3t3_to_t2,4,3
1,s1_0940_0,语法,语,3,2,t3t3_to_t2,4,3
1,s1_0942_0,有点,有,3,2,t3t3_to_t2,4,3
1,s1_0943_0,不,不,4,2,bu_t4_to_t2,3,4
1,s1_0951_0,不,不,4,2,bu_t4_to_t2,3,4
1,s1_0960_0,给,给,3,2,t3t3_to_t2,1,3
1,s1_0963_0,一,一,1,4,yi_to_4,4,1
1,s1_0980_0,我,我,3,2,t3t3_to_t2,4,2
1,s1_0981_0,所,所,3,2,t3t3_to_t2,2,2
1,s1_0982_0,仅仅,仅,3,2,t3t3_to_t2,2,3
1,s1_0998_0,不,不,4,2,bu_t4_to_t2,3,4
1,s1_1009_0,不,不,4,2,bu_t4_to_t2,3,4
1,s1_1013_1,肚子,子,3,2,t3t3_to_t2,4,3
1,s1_1017_0,一,一,1,4,yi_to_4,4,2
1,s1_1035_0,小,小,3,2,t3t3_to_t2,2,3
1,s1_1038_0,一,一,1,4,yi_to_4,4,1
1,s1_1041_0,给,给,3,2,t3t3_to_t2,2,3
1,s1_1044_0,一,一,1,4,yi_to_4,4,1
1,s1_1073_0,给,给,3,2,t3t3_to_t2,,3
1,s1_1077_0,一,一,1,4,yi_to_4,4,2
1,s1_1078_0,只,只,3,2,t3t3_to_t2,4,3
1,s1_1093_0,了,了,3,2,t3t3_to_t2,4,3
1,s1_1099_0,不,不,4,2,bu_t4_to_t2,,4
1,s1_1118_0,一,一,1,2,yi_to_2,,4
1,s1_1127_0,一样,一,1,2,yi_to_2,2,4
1,s1_1133_0,一,一,1,4,yi_to_4,4,1
1,s1_1138_0,我,我,3,2,t3t3_to_t2,,3
1,s1_1141_0,一,一,1,4,yi_to_4,4,1
1,s1_1155_0,要,要,3,2,t3t3_to_t2,2,3
1,s1_1160_0,草草,草,3,2,t3t3_to_t2,4,3
1,s1_1175_0,一,一,1,4,yi_to_4,4,1
1,s1_1177_1,箱子,子,3,2,t3t3_to_t2,1,2
1,s1_1178_0,你,你,3,2,t3t3_to_t2,2,3
1,s1_1203_0,我,我,3,2,t3t3_to_t2,4,2
1,s1_1204_0,想,想,3,2,t3t3_to_t2,2,3
1,s1_1223_0,一切,一,1,2,yi_to_2,1,4
1,s1_1228_0,小,小,3,2,t3t3_to_t2,1,3
1,s1_1236_0,我,我,3,2,t3t3_to_t2,1,2
1,s1_1237_0,给,给,3,2,t3t3_to_t2,2,3
1,s1_1242_0,一,一,1,4,yi_to_4,4,1
1,s1_1244_0,很,很,3,2,t3t3_to_t2,1,3
1,s1_1250_0,把,把,3,2,t3t3_to_t2,1,3
1,s1_1258_0,不,不,4,2,bu_t4_to_t2,1,4
1,s1_1263_1,那么,么,3,2,t3t3_to_t2,4,3
1,s1_1275_2,小王子,子,3,2,t3t3_to_t2,2,3
1,s1_1288_0,哪里,哪,3,2,t3t3_to_t2,2,3
1,s1_1301_0,我,我,3,2,t3t3_to_t2,4,3
1,s1_1317_0,一些,一,1,4,yi_to_4,,1
1,s1_1320_0,使,使,3,2,t3t3_to_t2,4,2
1,s1_1321_0,我,我,3,2,t3t3_to_t2,2,3
1,s1_1330_1,第一,一,1,2,yi_to_2,4,4
1,s1_1339_0,不,不,4,2,bu_t4_to_t2,4,4
1,s1_1366_0,不,不,4,2,bu_t4_to_t2,4,4
1,s1_1416_0,一,一,1,2,yi_to_2,1,4
1,s1_1422_0,使,使,3,2,t3t3_to_t2,4,2
1,s1_1423_0,我,我,3,2,t3t3_to_t2,2,3
1,s1_1435_0,不幸,不,4,2,bu_t4_to_t2,,4
1,s1_1440_1,那么,么,3,2,t3t3_to_t2,4,2
1,s1_1441_0,你,你,3,2,t3t3_to_t2,2,3
1,s1_1461_0,哪里,哪,3,2,t3t3_to_t2,2,3
1,s1_1466_0,我,我,3,2,t3t3_to_t2,4,3
1,s1_1471_0,一点,一,1,4,yi_to_4,,3
1,s1_1506_0,点点,点,3,2,t3t3_to_t2,4,3
1,s1_1511_0,不,不,4,2,bu_t4_to_t2,4,4
1,s1_1522_0,很,很,3,2,t3t3_to_t2,2,3
1,s1_1560_0,可以,可,3,2,t3t3_to_t2,1,2
1,s1_1560_1,可以,以,3,2,t3t3_to_t2,2,3
1,s1_1577_1,因此,此,3,2,t3t3_to_t2,1,3
1,s1_1591_0,哪里,哪,3,2,t3t3_to_t2,2,3
1,s1_1596_2,小家伙,伙,3,2,t3t3_to_t2,1,3
1,s1_1603_0,你,你,3,2,t3t3_to_t2,1,2
1,s1_1604_0,要,要,3,2,t3t3_to_t2,2,2
1,s1_1605_0,把,把,3,2,t3t3_to_t2,2,3
1,s1_1611_0,哪里,哪,3,2,t3t3_to_t2,4,3
1,s1_1624_0,你,你,3,2,t3t3_to_t2,4,2
1,s1_1625_0,给,给,3,2,t3t3_to_t2,2,3
1,s1_1631_1,夜晚,晚,3,2,t3t3_to_t2,4,2
1,s1_1632_0,可以,可,3,2,t3t3_to_t2,2,2
1,s1_1632_1,可以,以,3,2,t3t3_to_t2,2,2
1,s1_1633_0,给,给,3,2,t3t3_to_t2,2,3
1,s1_1641_1,如果,果,3,2,t3t3_to_t2,2,3
1,s1_1648_0,给,给,3,2,t3t3_to_t2,4,3
1,s1_1651_0,一,一,1,4,yi_to_4,4,1
1,s1_1655_0,可以,可,3,2,t3t3_to_t2,1,3
1,s1_1663_0,有点儿,有,3,2,t3t3_to_t2,2,2
1,s1_1663_1,有点儿,点,3,2,t3t3_to_t2,2,2
1,s1_1664_0,使,使,3,2,t3t3_to_t2,2,3
1,s1_1665_2,小王子,子,3,2,t3t3_to_t2,2,2
1,s1_1666_0,反感,反,3,2,t3t3_to_t2,2,3
1,s1_1674_1,如果,果,3,2,t3t3_to_t2,2,3
1,s1_1700_0,你,你,3,2,t3t3_to_t2,1,2
1,s1_1701_0,想,想,3,2,t3t3_to_t2,2,3
1,s1_1706_0,哪里,哪,3,2,t3t3_to_t2,4,3
1,s1_1713_0,一直,一,1,4,yi_to_4,1,2
1,s1_1727_1,那里,里,3,2,t3t3_to_t2,4,2
1,s1_1728_0,很,很,3,2,t3t3_to_t2,2,2
1,s1_1729_0,小,小,3,2,t3t3_to_t2,2,2
1,s1_1730_0,很,很,3,2,t3t3_to_t2,2,3
1,s1_1741_0,一,一,1,2,yi_to_2,,4
1,s1_1743_0,一直,一,1,4,yi_to_4,4,2
1,s1_1746_0,走,走,3,2,t3t3_to_t2,2,3
2,s2_0002_0,了解,了,3,2,t3t3_to_t2,2,3
2,s2_0005_0,一,一,1,2,yi_to_2,4,4
2,s2_0018_0,一,一,1,2,yi_to_2,4,4
2,s2_0022_0,不,不,4,2,bu_t4_to_t2,4,4
2,s2_0028_1,没有,有,3,2,t3t3_to_t2,2,2
2,s2_0029_0,使,使,3,2,t3t3_to_t2,2,2
2,s2_0030_0,我,我,3,2,t3t3_to_t2,2,3
2,s2_0056_1,它们,们,3,2,t3t3_to_t2,1,3
2,s2_0065_0,也,也,3,2,t3t3_to_t2,4,3
2,s2_0077_0,一个,一,1,2,yi_to_2,1,4
2,s2_0101_2,小王子,子,3,2,t3t3_to_t2,2,3
2,s2_0115_0,仅仅,仅,3,2,t3t3_to_t2,1,3
2,s2_0121_0,一,一,1,4,yi_to_4,4,2
2,s2_0129_0,土耳其,土,3,2,t3t3_to_t2,,3
2,s2_0135_0,一,一,1,2,yi_to_2,4,4
2,s2_0168_1,幸好,好,3,2,t3t3_to_t2,4,2
2,s2_0169_0,土耳其,土,3,2,t3t3_to_t2,2,3
2,s2_0171_0,一,一,2,4,yi_to_4,,1
2,s2_0174_1,为了,了,3,2,t3t3_to_t2,4,3
2,s2_0191_1,处以,以,3,2,t3t3_to_t2,4,3
2,s2_0200_0,一身儿,一,1,4,yi_to_4,,1
2,s2_0208_0,一,一,1,2,yi_to_2,,4
2,s2_0212_0,一,一,1,2,yi_to_2,4,4
2,s2_0214_0,所有,所,3,2,t3t3_to_t2,4,3
2,s2_0221_1,看法,法,3,2,t3t3_to_t2,4,2
2,s2_0222_0,我,我,3,2,t3t3_to_t2,2,2
2,s2_0223_0,给,给,3,2,t3t3_to_t2,2,3
2,s2_0246_0,当,当,3,2,t3t3_to_t2,4,3
2,s2_0250_0,讲,讲,3,2,t3t3_to_t2,5,2
2,s2_0251_0,起,起,3,2,t3t3_to_t2,2,3
2,s2_0262_0,向,向,3,2,t3t3_to_t2,4,3
2,s2_0299_1,弟兄,兄,3,2,t3t3_to_t2,4,3
2,s2_0312_1,他们,们,3,2,t3t3_to_t2,1,3
2,s2_0317_0,了解,了,3,2,t3t3_to_t2,4,3
2,s2_0319_1,如果,果,3,2,t3t3_to_t2,2,3
2,s2_0326_0,一,一,1,2,yi_to_2,4,4
2,s2_0345_1,屋顶,顶,3,2,t3t3_to_t2,1,3
2,s2_0350_1,他们,们,3,2,t3t3_to_t2,1,3
2,s2_0352_0,也,也,3,2,t3t3_to_t2,1,3
2,s2_0359_1,多么,么,3,2,t3t3_to_t2,1,3
2,s2_0368_0,一,一,1,2,yi_to_2,,4
2,s2_0385_1,要是,是,3,2,t3t3_to_t2,4,3
2,s2_0402_0,想,想,3,2,t3t3_to_t2,1,3
2,s2_0404_0,一,一,1,4,yi_to_4,3,1
2,s2_0408_0,想,想,3,2,t3t3_to_t2,1,3
2,s2_0410_0,一,一,1,4,yi_to_4,3,1
2,s2_0425_0,好处,好,3,2,t3t3_to_t2,5,3
2,s2_0428_0,一定,一,1,2,yi_to_2,3,4
2,s2_0430_0,耸耸,耸,3,2,t3t3_to_t2,4,3
2,s2_0431_1,肩膀,膀,3,2,t3t3_to_t2,1,2
2,s2_0432_0,把,把,3,2,t3t3_to_t2,2,3
2,s2_0438_1,如果,果,3,2,t3t3_to_t2,2,3
2,s2_0459_0,不,不,4,2,bu_t4_to_t2,4,4
2,s2_0462_0,一,一,1,2,yi_to_2,1,4
2,s2_0496_0,不,不,4,2,bu_t4_to_t2,2,4
2,s2_0553_0,我,我,3,2,t3t3_to_t2,2,3
2,s2_0590_1,之所以,所,3,2,t3t3_to_t2,1,3
2,s2_0616_0,不,不,4,2,bu_t4_to_t2,1,4
2,s2_0618_0,所有,所,3,2,t3t3_to_t2,4,3
2,s2_0629_0,我,我,3,2,t3t3_to_t2,1,2
2,s2_0630_0,也,也,3,2,t3t3_to_t2,2,3
2,s2_0647_0,我,我,3,2,t3t3_to_t2,4,3
2,s2_0650_0,一,一,1,4,yi_to_4,,2
2,s2_0654_0,一些,一,1,4,yi_to_4,4,1
2,s2_0696_0,一定,一,1,2,yi_to_2,3,4
2,s2_0697_0,要,要,3,2,t3t3_to_t2,4,3
2,s2_0708_1,自己,己,3,2,t3t3_to_t2,4,3
2,s2_0710_1,没有,有,3,2,t3t3_to_t2,2,3
2,s2_0712_0,一,一,1,4,yi_to_4,4,1
2,s2_0717_0,可以,可,3,2,t3t3_to_t2,2,3
2,s2_0719_0,一,一,1,2,yi_to_2,4,4
2,s2_0722_0,不,不,4,2,bu_t4_to_t2,4,4
2,s2_0727_1,大小,小,3,2,t3t3_to_t2,4,3
2,s2_0731_0,有点儿,有,3,2,t3t3_to_t2,,3
2,s2_0760_0,我,我,3,2,t3t3_to_t2,4,3
2,s2_0772_1,那么,么,3,2,t3t3_to_t2,4,2
2,s2_0773_0,改改,改,3,2,t3t3_to_t2,2,3
2,s2_0778_0,我,我,3,2,t3t3_to_t2,2,2
2,s2_0779_0,很,很,3,2,t3t3_to_t2,2,3
2,s2_0792_0,得,得,3,2,t3t3_to_t2,4,3
2,s2_0814_0,一样,一,1,2,yi_to_2,1,4
2,s2_0829_0,有点儿,有,3,2,t3t3_to_t2,4,3
2,s2_0842_0,了解,了,3,2,t3t3_to_t2,1,3
2,s2_0844_0,一些,一,1,4,yi_to_4,4,1
2,s2_0861_1,各种,种,3,2,t3t3_to_t2,4,3
2,s2_0873_0,了解,了,3,2,t3t3_to_t2,4,3
2,s2_0880_0,一,一,1,4,yi_to_4,4,2
2,s2_0889_2,小王子,子,3,2,t3t3_to_t2,2,3
2,s2_0929_0,可,可,3,2,t3t3_to_t2,4,3
2,s2_0935_1,它们,们,3,2,t3t3_to_t2,1,3
2,s2_0946_0,不是,不,4,2,bu_t4_to_t2,3,4
2,s2_0960_0,一群,一,1,4,yi_to_4,2,2
2,s2_0962_0,也,也,3,2,t3t3_to_t2,4,3
2,s2_0964_0,不,不,4,2,bu_t4_to_t2,3,4
2,s2_0966_0,一,一,1,4,yi_to_4,4,3
2,s2_0969_0,一,一,1,4,yi_to_4,4,2
2,s2_0972_1,这种,种,3,2,t3t3_to_t2,4,2
2,s2_0973_0,想法,想,3,2,t3t3_to_t2,2,3
2,s2_0978_0,可,可,3,2,t3t3_to_t2,4,2
2,s2_0979_0,得,得,3,2,t3t3_to_t2,2,3
2,s2_0983_0,一,一,1,4,yi_to_4,4,1
2,s2_0986_0,一,一,1,4,yi_to_4,2,1
2,s2_0989_0,磊,磊,3,2,t3t3_to_t2,4,3
2,s2_1001_1,开始,始,3,2,t3t3_to_t2,1,3
2,s2_1004_0,小小,小,3,2,t3t3_to_t2,4,3
2,s2_1008_0,不错,不,4,2,bu_t4_to_t2,4,4
2,s2_1013_0,你,你,3,2,t3t3_to_t2,5,3
2,s2_1040_1,自己,己,3,2,t3t3_to_t2,4,3
2,s2_1063_0,所有,所,3,2,t3t3_to_t2,1,3
2,s2_1066_0,一样,一,1,2,yi_to_2,4,4
2,s2_1068_0,好,好,3,2,t3t3_to_t2,4,3
2,s2_1073_1,因此,此,3,2,t3t3_to_t2,1,3
2,s2_1080_0,草籽,草,3,2,t3t3_to_t2,,3
2,s2_1085_0,草籽,草,3,2,t3t3_to_t2,,2
2,s2_1085_1,草籽,籽,3,2,t3t3_to_t2,2,3
2,s2_1087_0,草籽,草,3,2,t3t3_to_t2,4,3
2,s2_1090_0,不,不,4,2,bu_t4_to_t2,4,4
2,s2_1096_1,泥土,土,3,2,t3t3_to_t2,2,3
2,s2_1102_0,一,一,1,2,yi_to_2,,4
2,s2_1105_0,想,想,3,2,t3t3_to_t2,2,3
2,s2_1115_1,开始,始,3,2,t3t3_to_t2,1,2
2,s2_1116_0,腼腆,腼,3,2,t3t3_to_t2,2,3
2,s2_1122_0,一,一,1,4,yi_to_4,1,3
2,s2_1147_0,一,一,1,4,yi_to_4,4,3
2,s2_1151_0,一旦,一,1,2,yi_to_2,2,4
2,s2_1166_0,上,上,3,2,t3t3_to_t2,2,3
2,s2_1171_0,种子,种,3,2,t3t3_to_t2,,3
2,s2_1177_0,种子,种,3,2,t3t3_to_t2,,3
2,s2_1181_1,泥土,土,3,2,t3t3_to_t2,2,3
2,s2_1185_0,种子,种,3,2,t3t3_to_t2,4,3
2,s2_1190_0,一,一,1,4,yi_to_4,2,3
2,s2_1202_1,无法,法,3,2,t3t3_to_t2,2,3
2,s2_1223_0,很,很,3,2,t3t3_to_t2,2,3
2,s2_1231_0,把,把,3,2,t3t3_to_t2,4,3
2,s2_1245_0,向,向,3,2,t3t3_to_t2,2,2
2,s2_1246_0,我,我,3,2,t3t3_to_t2,2,3
2,s2_1249_0,当,当,3,2,t3t3_to_t2,4,2
2,s2_1250_0,你,你,3,2,t3t3_to_t2,2,3
2,s2_1280_0,一旦,一,1,2,yi_to_2,1,4
2,s2_1281_0,可以,可,3,2,t3t3_to_t2,4,2
2,s2_1281_1,可以,以,3,2,t3t3_to_t2,2,3
2,s2_1289_0,要,要,3,2,t3t3_to_t2,4,3
2,s2_1295_0,一,一,1,2,yi_to_2,4,4
2,s2_1307_0,一,一,1,4,yi_to_4,4,1
2,s2_1315_0,一,一,1,4,yi_to_4,4,2
2,s2_1344_0,一,一,1,4,yi_to_4,4,1
2,s2_1353_0,很,很,3,2,t3t3_to_t2,4,3
2,s2_1386_1,不可,可,3,2,t3t3_to_t2,4,3
2,s2_1405_0,棵,棵,3,2,t3t3_to_t2,1,3
2,s2_1413_0,我,我,3,2,t3t3_to_t2,2,3
2,s2_1422_0,不,不,4,2,bu_t4_to_t2,2,4
2,s2_1428_0,口吻,口,3,2,t3t3_to_t2,,3
2,s2_1437_0,不,不,4,2,bu_t4_to_t2,1,4
2,s2_1439_0,了解,了,3,2,t3t3_to_t2,4,3
2,s2_1455_0,一,一,1,4,yi_to_4,4,2
2,s2_1491_0,一样,一,1,2,yi_to_2,3,4
2,s2_1536_0,也许,也,3,2,t3t3_to_t2,1,2
2,s2_1536_1,也许,许,3,2,t3t3_to_t2,2,3
2,s2_1555_0,很,很,3,2,t3t3_to_t2,2,3
2,s2_1557_0,我,我,3,2,t3t3_to_t2,1,3
2,s2_1563_0,我,我,3,2,t3t3_to_t2,4,3
2,s2_1569_0,好,好,3,2,t3t3_to_t2,,3
2,s2_1575_0,当,当,3,2,t3t3_to_t2,2,3
2,s2_1581_0,一,一,1,2,yi_to_2,4,4
2,s2_1598_0,你,你,3,2,t3t3_to_t2,,3
2,s2_1608_0,里,里,3,2,t3t3_to_t2,1,3
2,s2_1615_1,观赏,赏,3,2,t3t3_to_t2,1,3
2,s2_1620_0,晚景,晚,3,2,t3t3_to_t2,2,3
2,s2_1639_0,我,我,3,2,t3t3_to_t2,4,3
2,s2_1646_0,一,一,1,4,yi_to_4,4,2
2,s2_1651_0,得,得,3,2,t3t3_to_t2,4,3
2,s2_1667_1,开始,始,3,2,t3t3_to_t2,1,2
2,s2_1668_0,你,你,3,2,t3t3_to_t2,2,3
2,s2_1684_0,我,我,3,2,t3t3_to_t2,1,2
2,s2_1685_0,总,总,3,2,t3t3_to_t2,2,3
2,s2_1708_0,一,一,1,4,yi_to_4,4,1
2,s2_1730_0,上,上,3,2,t3t3_to_t2,1,2
2,s2_1731_0,你,你,3,2,t3t3_to_t2,2,3
2,s2_1733_0,把,把,3,2,t3t3_to_t2,4,3
2,s2_1749_0,你,你,3,2,t3t3_to_t2,4,3
2,s2_1755_0,一,一,1,4,yi_to_4,1,1
2,s2_1785_0,你,你,3,2,t3t3_to_t2,,3
2,s2_1788_1,这么,么,3,2,t3t3_to_t2,4,3
2,s2_1792_0,一,一,1,4,yi_to_4,4,1
